{"parent":"minecraft:item/generated","textures":{"layer0":"minecraft:block/brown_mushroom"},"overrides":[{"predicate":{"custom_model_data":2203094},"model":"gastronomicon:ingredient/gn_truffle"},{"predicate":{"custom_model_data":2203095},"model":"gastronomicon:ingredient/gn_enoki_mushrooms"},{"predicate":{"custom_model_data":2203096},"model":"gastronomicon:ingredient/gn_king_oyster_mushroom"},{"predicate":{"custom_model_data":2203097},"model":"gastronomicon:ingredient/gn_button_mushroom"},{"predicate":{"custom_model_data":2203098},"model":"item/brown_mushroom"}]}