{"parent":"minecraft:item/generated","overrides":[{"model":"minecraft:item/netherite_chestplate_quartz_trim","predicate":{"trim_type":0.1}},{"model":"minecraft:item/netherite_chestplate_iron_trim","predicate":{"trim_type":0.2}},{"model":"minecraft:item/netherite_chestplate_netherite_darker_trim","predicate":{"trim_type":0.3}},{"model":"minecraft:item/netherite_chestplate_redstone_trim","predicate":{"trim_type":0.4}},{"model":"minecraft:item/netherite_chestplate_copper_trim","predicate":{"trim_type":0.5}},{"model":"minecraft:item/netherite_chestplate_gold_trim","predicate":{"trim_type":0.6}},{"model":"minecraft:item/netherite_chestplate_emerald_trim","predicate":{"trim_type":0.7}},{"model":"minecraft:item/netherite_chestplate_diamond_trim","predicate":{"trim_type":0.8}},{"model":"minecraft:item/netherite_chestplate_lapis_trim","predicate":{"trim_type":0.9}},{"model":"minecraft:item/netherite_chestplate_amethyst_trim","predicate":{"trim_type":1.0}},{"predicate":{"custom_model_data":2200646},"model":"infinityexpansion:armor/infinity_chestplate"},{"predicate":{"trim_type":0.1,"custom_model_data":2200646},"model":"infinityexpansion:armor/infinity_chestplate"},{"predicate":{"trim_type":0.2,"custom_model_data":2200646},"model":"infinityexpansion:armor/infinity_chestplate"},{"predicate":{"trim_type":0.3,"custom_model_data":2200646},"model":"infinityexpansion:armor/infinity_chestplate"},{"predicate":{"trim_type":0.4,"custom_model_data":2200646},"model":"infinityexpansion:armor/infinity_chestplate"},{"predicate":{"trim_type":0.5,"custom_model_data":2200646},"model":"infinityexpansion:armor/infinity_chestplate"},{"predicate":{"trim_type":0.6,"custom_model_data":2200646},"model":"infinityexpansion:armor/infinity_chestplate"},{"predicate":{"trim_type":0.7,"custom_model_data":2200646},"model":"infinityexpansion:armor/infinity_chestplate"},{"predicate":{"trim_type":0.8,"custom_model_data":2200646},"model":"infinityexpansion:armor/infinity_chestplate"},{"predicate":{"trim_type":0.9,"custom_model_data":2200646},"model":"infinityexpansion:armor/infinity_chestplate"},{"predicate":{"trim_type":1.0,"custom_model_data":2200646},"model":"infinityexpansion:armor/infinity_chestplate"},{"predicate":{"custom_model_data":2201954},"model":"supreme:armor/chestplate/supreme_chestplate_supreme"},{"predicate":{"trim_type":0.1,"custom_model_data":2201954},"model":"supreme:armor/chestplate/supreme_chestplate_supreme"},{"predicate":{"trim_type":0.2,"custom_model_data":2201954},"model":"supreme:armor/chestplate/supreme_chestplate_supreme"},{"predicate":{"trim_type":0.3,"custom_model_data":2201954},"model":"supreme:armor/chestplate/supreme_chestplate_supreme"},{"predicate":{"trim_type":0.4,"custom_model_data":2201954},"model":"supreme:armor/chestplate/supreme_chestplate_supreme"},{"predicate":{"trim_type":0.5,"custom_model_data":2201954},"model":"supreme:armor/chestplate/supreme_chestplate_supreme"},{"predicate":{"trim_type":0.6,"custom_model_data":2201954},"model":"supreme:armor/chestplate/supreme_chestplate_supreme"},{"predicate":{"trim_type":0.7,"custom_model_data":2201954},"model":"supreme:armor/chestplate/supreme_chestplate_supreme"},{"predicate":{"trim_type":0.8,"custom_model_data":2201954},"model":"supreme:armor/chestplate/supreme_chestplate_supreme"},{"predicate":{"trim_type":0.9,"custom_model_data":2201954},"model":"supreme:armor/chestplate/supreme_chestplate_supreme"},{"predicate":{"trim_type":1.0,"custom_model_data":2201954},"model":"supreme:armor/chestplate/supreme_chestplate_supreme"},{"predicate":{"custom_model_data":2201955},"model":"item/netherite_chestplate"}],"textures":{"layer0":"minecraft:item/netherite_chestplate"}}